0,Sandals,Footwear
0,Beanie,"Hats, scarves and gloves"
0,Ring,Jewellery
0,Earrings,Jewellery
0,Shoes,Footwear
0,Cosmetic bag,Wallets & cases
0,Wallet,Wallets & cases
0,Crossbody bag,Bags
0,Scarf,"Hats, scarves and gloves"
0,Shoulder bag,Bags
0,Handbag,Bags
0,Ankle Boots,Footwear
0,Boots,Footwear
0,Belt,Belts and Ties
0,Necklace,Jewellery
0,Sunglasses,Glasses
0,Hat,"Hats, scarves and gloves"
0,Card holder,Wallets & cases
0,Trainers,Footwear
0,Bracelet,Jewellery
0,Kerchief,"Hats, scarves and gloves"
0,Foulard,"Hats, scarves and gloves"
0,Cap,"Hats, scarves and gloves"
0,Hairband,"Hats, scarves and gloves"
0,Purse,Wallets & cases
0,Umbrella,Gadgets
0,Totes bag,Bags
0,Glasses,Glasses
0,Clutch and Pochettes,Bags
0,Backpack,Bags
0,Case,Wallets & cases
0,Belt bag,Bags
0,Tie,Belts and Ties
0,Citybag,Bags
0,Keyring,Gadgets
0,Gloves,"Hats, scarves and gloves"
0,Hairclip,Jewellery
0,Mini Bag,Bags
0,Beach Towel,Gadgets
0,Bucket bag,Bags
0,Gadget,Gadgets
0,Headband,"Hats, scarves and gloves"
0,Braces,Belts and Ties
0,Glasses case,Glasses
0,Slippers,Footwear
0,Sock (Pack),Intimate
0,Turban,"Hats, scarves and gloves"
0,Clogs,Footwear
1,Pillow Case,Bedding
1,Duvet Covers,Bedding
1,Bedspread,Bedding
1,Bed Cushion Case,Bedding
1,Quilt,Bedding
2,Coat,Coats
2,Trenchcoat,Trenchcoats
2,Puffer coat,Puffer coats
2,Parka,Parkas
2,Outer vest,Outer Vest
2,Cape,Coats
3,Candle Holder,Deco Accessories
3,Basket,Deco Accessories
3,Organiser,Deco Textiles
3,Plaid,Deco Textiles
3,Cushion Case,Deco Textiles
3,Box,Deco Accessories
3,Carpet Yarn,Deco Textiles
3,Home Spray,Deco Accessories
3,Candle,Deco Accessories
3,Curtain,Deco Textiles
4,Jug,Glassware
4,Tumblers,Glassware
5,Dress,Dresses
5,Jumpsuit,Jumpsuit
5,Overall,Jumpsuit
5,Pichi,Dresses
6,Fragance,Fragances
6,Bodymist,Fragances
7,Vest,Vest
7,Blazer,Blazers
7,Kaftan,Jackets
7,Jacket,Jackets
7,Poncho,Jackets
7,Leather Jacket,Leather jackets
7,Overshirt,Jackets
7,Jacket (Cazadora),Jackets
8,Jeans,Jeans
9,Shirt,Shirt
9,Blouse,Shirt
10,Skirt,Skirts
10,Shorts,Shorts
10,Bermudas,Shorts
10,Skort,Skirts
11,Sweater,Sweater
11,Cardigan Vest,Cardigans
11,Cardigan,Cardigans
11,Sweatshirt,Sweatshirts
11,Sweater Vest,Sweater
12,Bikini pantie,Swimwear
12,Pyjama Trousers,Intimate
12,Pyjama,Intimate
12,Bras,Intimate
12,Socks,Intimate
12,Pyjama Sweatshirt,Intimate
12,Bikini top,Swimwear
12,Pyjama Shorts,Intimate
12,Swimsuit,Swimwear
12,Shape,Intimate
12,Pyjama Shirt,Intimate
12,Pyjama T-Shirt,Intimate
12,Pyjama Top,Intimate
12,Tights,Intimate
12,Pyjiama Sweater,Intimate
12,Nightgown,Intimate
12,Pyjama Cardigan,Intimate
12,Dressing Gown (Bata),Intimate
12,Knicker,Intimate
13,T-Shirt,T-shirt
13,Bodysuit,Bodysuits
13,Poloshirt,Poloshirts
14,Top,Tops
15,Trousers,Trousers
15,Leggings,Leggings and joggers
15,Joggers,Leggings and joggers